Project,Market Sector,EQS,UGS,FVS,SS,how3 Score,Growth Category,Valuation Category,SS (Rating),User Growth JSON,Earnings Quality JSON,Static ,Live,Symbol
Convex Finance,Asset management,52.47063715,94.95356794,62.76785714,85.76,73.98801556,Exceptional Growth,Fairly Valued,A,"{""name"": ""Convex Finance"", ""sector"": ""Asset management"", ""scores"": {""user_growth"": 94.95356793743892, ""growth_category"": ""Exceptional Growth""}, ""peers"": [{""name"": ""Ondo Finance"", ""scores"": {""user_growth"": 100.0}}, {""name"": ""Yearn Finance"", ""scores"": {""user_growth"": 96.2854349951124}}, {""name"": ""yearn.finance"", ""scores"": {""user_growth"": 96.2854349951124}}, {""name"": ""BadgerDAO"", ""scores"": {""user_growth"": 90.1466275659824}}], ""sector_averages"": {""user_growth"": 54.79, ""count"": 38}}","{""name"": ""Convex Finance"", ""sector"": ""Asset management"", ""scores"": {""earnings_quality"": 52.4706371470804}, ""peers"": [{""name"": ""Aura Finance"", ""scores"": {""earnings_quality"": 46.983308486486656}}, {""name"": ""Index Cooperative"", ""scores"": {""earnings_quality"": 41.69345088455628}}, {""name"": ""Ribbon Finance"", ""scores"": {""earnings_quality"": 40.50989099012236}}, {""name"": ""Tokemak"", ""scores"": {""earnings_quality"": 37.32349428436831}}], ""sector_averages"": {""earnings_quality"": 4.43, ""count"": 57}}",False,False,cvx
Algorand,Blockchains (L1),38.51705429,57.27272727,52.52403846,87.49,58.950955,Steady Growth,Fairly Valued,AA,"{""name"": ""Algorand"", ""sector"": ""Blockchains (L1)"", ""scores"": {""user_growth"": 57.27272727272727, ""growth_category"": ""Steady Growth""}, ""peers"": [{""name"": ""Aptos"", ""scores"": {""user_growth"": 74.57650162337663}}, {""name"": ""Avalanche"", ""scores"": {""user_growth"": 63.59943977591037}}, {""name"": ""BNB Chain"", ""scores"": {""user_growth"": 94.40882034632034}}, {""name"": ""Bitcoin"", ""scores"": {""user_growth"": 73.61458333333334}}], ""sector_averages"": {""user_growth"": 51.53, ""count"": 66}}","{""name"": ""Algorand"", ""sector"": ""Blockchains (L1)"", ""scores"": {""earnings_quality"": 38.517054285532666}, ""peers"": [{""name"": ""Aptos"", ""scores"": {""earnings_quality"": 43.49478334281707}}, {""name"": ""Avalanche"", ""scores"": {""earnings_quality"": 39.96282983690581}}, {""name"": ""BNB Chain"", ""scores"": {""earnings_quality"": 48.5009231754041}}, {""name"": ""Celo"", ""scores"": {""earnings_quality"": 35.305556571473666}}], ""sector_averages"": {""earnings_quality"": 10.76, ""count"": 69}}",False,False,algo
Aptos,Blockchains (L1),43.49478334,74.57650162,55.43990385,94.28,66.9477972,Strong Growth,Fairly Valued,AAA,"{""name"": ""Aptos"", ""sector"": ""Blockchains (L1)"", ""scores"": {""user_growth"": 74.57650162337663, ""growth_category"": ""Strong Growth""}, ""peers"": [{""name"": ""Algorand"", ""scores"": {""user_growth"": 57.27272727272727}}, {""name"": ""Avalanche"", ""scores"": {""user_growth"": 63.59943977591037}}, {""name"": ""BNB Chain"", ""scores"": {""user_growth"": 94.40882034632034}}, {""name"": ""Bitcoin"", ""scores"": {""user_growth"": 73.61458333333334}}], ""sector_averages"": {""user_growth"": 51.53, ""count"": 66}}","{""name"": ""Aptos"", ""sector"": ""Blockchains (L1)"", ""scores"": {""earnings_quality"": 43.49478334281707}, ""peers"": [{""name"": ""Algorand"", ""scores"": {""earnings_quality"": 38.517054285532666}}, {""name"": ""Avalanche"", ""scores"": {""earnings_quality"": 39.96282983690581}}, {""name"": ""BNB Chain"", ""scores"": {""earnings_quality"": 48.5009231754041}}, {""name"": ""Celo"", ""scores"": {""earnings_quality"": 35.305556571473666}}], ""sector_averages"": {""earnings_quality"": 10.76, ""count"": 69}}",False,False,apt
Avalanche,Blockchains (L1),39.96282984,63.59943978,61.80288462,94.12,64.87128856,Steady Growth,Fairly Valued,AAA,"{""name"": ""Avalanche"", ""sector"": ""Blockchains (L1)"", ""scores"": {""user_growth"": 63.59943977591037, ""growth_category"": ""Steady Growth""}, ""peers"": [{""name"": ""Algorand"", ""scores"": {""user_growth"": 57.27272727272727}}, {""name"": ""Aptos"", ""scores"": {""user_growth"": 74.57650162337663}}, {""name"": ""BNB Chain"", ""scores"": {""user_growth"": 94.40882034632034}}, {""name"": ""Bitcoin"", ""scores"": {""user_growth"": 73.61458333333334}}], ""sector_averages"": {""user_growth"": 51.53, ""count"": 66}}","{""name"": ""Avalanche"", ""sector"": ""Blockchains (L1)"", ""scores"": {""earnings_quality"": 39.96282983690581}, ""peers"": [{""name"": ""Algorand"", ""scores"": {""earnings_quality"": 38.517054285532666}}, {""name"": ""Aptos"", ""scores"": {""earnings_quality"": 43.49478334281707}}, {""name"": ""BNB Chain"", ""scores"": {""earnings_quality"": 48.5009231754041}}, {""name"": ""Celo"", ""scores"": {""earnings_quality"": 35.305556571473666}}], ""sector_averages"": {""earnings_quality"": 10.76, ""count"": 69}}",False,False,avax
BNB Chain,Blockchains (L1),48.50092318,94.40882035,67.66666667,94.69,76.31660255,Exceptional Growth,Fairly Valued,AAA,"{""name"": ""BNB Chain"", ""sector"": ""Blockchains (L1)"", ""scores"": {""user_growth"": 94.40882034632034, ""growth_category"": ""Exceptional Growth""}, ""peers"": [{""name"": ""Algorand"", ""scores"": {""user_growth"": 57.27272727272727}}, {""name"": ""Aptos"", ""scores"": {""user_growth"": 74.57650162337663}}, {""name"": ""Avalanche"", ""scores"": {""user_growth"": 63.59943977591037}}, {""name"": ""Bitcoin"", ""scores"": {""user_growth"": 73.61458333333334}}], ""sector_averages"": {""user_growth"": 51.53, ""count"": 66}}","{""name"": ""BNB Chain"", ""sector"": ""Blockchains (L1)"", ""scores"": {""earnings_quality"": 48.5009231754041}, ""peers"": [{""name"": ""Algorand"", ""scores"": {""earnings_quality"": 38.517054285532666}}, {""name"": ""Aptos"", ""scores"": {""earnings_quality"": 43.49478334281707}}, {""name"": ""Avalanche"", ""scores"": {""earnings_quality"": 39.96282983690581}}, {""name"": ""Celo"", ""scores"": {""earnings_quality"": 35.305556571473666}}], ""sector_averages"": {""earnings_quality"": 10.76, ""count"": 69}}",False,False,bnb
Celo,Blockchains (L1),35.30555657,56.73683261,72.05833333,78.76,60.71518063,Steady Growth,Undervalued,BBB,"{""name"": ""Celo"", ""sector"": ""Blockchains (L1)"", ""scores"": {""user_growth"": 56.73683261183261, ""growth_category"": ""Steady Growth""}, ""peers"": [{""name"": ""Algorand"", ""scores"": {""user_growth"": 57.27272727272727}}, {""name"": ""Aptos"", ""scores"": {""user_growth"": 74.57650162337663}}, {""name"": ""Avalanche"", ""scores"": {""user_growth"": 63.59943977591037}}, {""name"": ""BNB Chain"", ""scores"": {""user_growth"": 94.40882034632034}}], ""sector_averages"": {""user_growth"": 51.53, ""count"": 66}}","{""name"": ""Celo"", ""sector"": ""Blockchains (L1)"", ""scores"": {""earnings_quality"": 35.305556571473666}, ""peers"": [{""name"": ""Algorand"", ""scores"": {""earnings_quality"": 38.517054285532666}}, {""name"": ""Aptos"", ""scores"": {""earnings_quality"": 43.49478334281707}}, {""name"": ""Avalanche"", ""scores"": {""earnings_quality"": 39.96282983690581}}, {""name"": ""BNB Chain"", ""scores"": {""earnings_quality"": 48.5009231754041}}], ""sector_averages"": {""earnings_quality"": 10.76, ""count"": 69}}",False,True,celo
Cosmos,Blockchains (L1),26.15789224,55.0,36.34943182,94.25,52.93933101,Steady Growth,Overvalued,AAA,"{""name"": ""Cosmos"", ""sector"": ""Blockchains (L1)"", ""scores"": {""user_growth"": 55.0, ""growth_category"": ""Steady Growth""}, ""peers"": [{""name"": ""Algorand"", ""scores"": {""user_growth"": 57.27272727272727}}, {""name"": ""Aptos"", ""scores"": {""user_growth"": 74.57650162337663}}, {""name"": ""Avalanche"", ""scores"": {""user_growth"": 63.59943977591037}}, {""name"": ""BNB Chain"", ""scores"": {""user_growth"": 94.40882034632034}}], ""sector_averages"": {""user_growth"": 51.53, ""count"": 66}}","{""name"": ""Cosmos"", ""sector"": ""Blockchains (L1)"", ""scores"": {""earnings_quality"": 26.157892238239448}, ""peers"": [{""name"": ""Algorand"", ""scores"": {""earnings_quality"": 38.517054285532666}}, {""name"": ""Aptos"", ""scores"": {""earnings_quality"": 43.49478334281707}}, {""name"": ""Avalanche"", ""scores"": {""earnings_quality"": 39.96282983690581}}, {""name"": ""BNB Chain"", ""scores"": {""earnings_quality"": 48.5009231754041}}], ""sector_averages"": {""earnings_quality"": 10.76, ""count"": 69}}",False,False,atom
Ethereum,Blockchains (L1),26.40262319,80.74585137,62.93269231,96.23,66.57779172,Exceptional Growth,Fairly Valued,AAA,"{""name"": ""Ethereum"", ""sector"": ""Blockchains (L1)"", ""scores"": {""user_growth"": 80.74585137085137, ""growth_category"": ""Exceptional Growth""}, ""peers"": [{""name"": ""Algorand"", ""scores"": {""user_growth"": 57.27272727272727}}, {""name"": ""Aptos"", ""scores"": {""user_growth"": 74.57650162337663}}, {""name"": ""Avalanche"", ""scores"": {""user_growth"": 63.59943977591037}}, {""name"": ""BNB Chain"", ""scores"": {""user_growth"": 94.40882034632034}}], ""sector_averages"": {""user_growth"": 51.53, ""count"": 66}}","{""name"": ""Ethereum"", ""sector"": ""Blockchains (L1)"", ""scores"": {""earnings_quality"": 26.402623193032213}, ""peers"": [{""name"": ""Algorand"", ""scores"": {""earnings_quality"": 38.517054285532666}}, {""name"": ""Aptos"", ""scores"": {""earnings_quality"": 43.49478334281707}}, {""name"": ""Avalanche"", ""scores"": {""earnings_quality"": 39.96282983690581}}, {""name"": ""BNB Chain"", ""scores"": {""earnings_quality"": 48.5009231754041}}], ""sector_averages"": {""earnings_quality"": 10.76, ""count"": 69}}",False,True,eth
Filecoin,Blockchains (L1),22.23684806,64.09090909,29.43181818,86.39,50.53739383,Steady Growth,Overvalued,A,"{""name"": ""Filecoin"", ""sector"": ""Blockchains (L1)"", ""scores"": {""user_growth"": 64.0909090909091, ""growth_category"": ""Steady Growth""}, ""peers"": [{""name"": ""Algorand"", ""scores"": {""user_growth"": 57.27272727272727}}, {""name"": ""Aptos"", ""scores"": {""user_growth"": 74.57650162337663}}, {""name"": ""Avalanche"", ""scores"": {""user_growth"": 63.59943977591037}}, {""name"": ""BNB Chain"", ""scores"": {""user_growth"": 94.40882034632034}}], ""sector_averages"": {""user_growth"": 51.53, ""count"": 66}}","{""name"": ""Filecoin"", ""sector"": ""Blockchains (L1)"", ""scores"": {""earnings_quality"": 22.236848055760632}, ""peers"": [{""name"": ""Algorand"", ""scores"": {""earnings_quality"": 38.517054285532666}}, {""name"": ""Aptos"", ""scores"": {""earnings_quality"": 43.49478334281707}}, {""name"": ""Avalanche"", ""scores"": {""earnings_quality"": 39.96282983690581}}, {""name"": ""BNB Chain"", ""scores"": {""earnings_quality"": 48.5009231754041}}], ""sector_averages"": {""earnings_quality"": 10.76, ""count"": 69}}",False,False,fil
Injective,Blockchains (L1),49.72054029,64.14820474,81.10576923,83.9,69.71862856,Steady Growth,Undervalued,A,"{""name"": ""Injective"", ""sector"": ""Blockchains (L1)"", ""scores"": {""user_growth"": 64.14820473644002, ""growth_category"": ""Steady Growth""}, ""peers"": [{""name"": ""Algorand"", ""scores"": {""user_growth"": 57.27272727272727}}, {""name"": ""Aptos"", ""scores"": {""user_growth"": 74.57650162337663}}, {""name"": ""Avalanche"", ""scores"": {""user_growth"": 63.59943977591037}}, {""name"": ""BNB Chain"", ""scores"": {""user_growth"": 94.40882034632034}}], ""sector_averages"": {""user_growth"": 51.53, ""count"": 66}}","{""name"": ""Injective"", ""sector"": ""Blockchains (L1)"", ""scores"": {""earnings_quality"": 49.72054028597943}, ""peers"": [{""name"": ""Algorand"", ""scores"": {""earnings_quality"": 38.517054285532666}}, {""name"": ""Aptos"", ""scores"": {""earnings_quality"": 43.49478334281707}}, {""name"": ""Avalanche"", ""scores"": {""earnings_quality"": 39.96282983690581}}, {""name"": ""BNB Chain"", ""scores"": {""earnings_quality"": 48.5009231754041}}], ""sector_averages"": {""earnings_quality"": 10.76, ""count"": 69}}",False,False,inj
Internet Computer,Blockchains (L1),34.99216143,74.21487603,91.19318182,88.3,72.17505482,Strong Growth,Undervalued,AA,"{""name"": ""Internet Computer"", ""sector"": ""Blockchains (L1)"", ""scores"": {""user_growth"": 74.21487603305783, ""growth_category"": ""Strong Growth""}, ""peers"": [{""name"": ""Algorand"", ""scores"": {""user_growth"": 57.27272727272727}}, {""name"": ""Aptos"", ""scores"": {""user_growth"": 74.57650162337663}}, {""name"": ""Avalanche"", ""scores"": {""user_growth"": 63.59943977591037}}, {""name"": ""BNB Chain"", ""scores"": {""user_growth"": 94.40882034632034}}], ""sector_averages"": {""user_growth"": 51.53, ""count"": 66}}","{""name"": ""Internet Computer"", ""sector"": ""Blockchains (L1)"", ""scores"": {""earnings_quality"": 34.99216143098731}, ""peers"": [{""name"": ""Algorand"", ""scores"": {""earnings_quality"": 38.517054285532666}}, {""name"": ""Aptos"", ""scores"": {""earnings_quality"": 43.49478334281707}}, {""name"": ""Avalanche"", ""scores"": {""earnings_quality"": 39.96282983690581}}, {""name"": ""BNB Chain"", ""scores"": {""earnings_quality"": 48.5009231754041}}], ""sector_averages"": {""earnings_quality"": 10.76, ""count"": 69}}",False,False,icp
MultiversX,Blockchains (L1),30.99086042,52.53787879,53.08238636,83.43,55.01028139,Steady Growth,Fairly Valued,A,"{""name"": ""MultiversX"", ""sector"": ""Blockchains (L1)"", ""scores"": {""user_growth"": 52.53787878787879, ""growth_category"": ""Steady Growth""}, ""peers"": [{""name"": ""Algorand"", ""scores"": {""user_growth"": 57.27272727272727}}, {""name"": ""Aptos"", ""scores"": {""user_growth"": 74.57650162337663}}, {""name"": ""Avalanche"", ""scores"": {""user_growth"": 63.59943977591037}}, {""name"": ""BNB Chain"", ""scores"": {""user_growth"": 94.40882034632034}}], ""sector_averages"": {""user_growth"": 51.53, ""count"": 66}}","{""name"": ""MultiversX"", ""sector"": ""Blockchains (L1)"", ""scores"": {""earnings_quality"": 30.99086041551533}, ""peers"": [{""name"": ""Algorand"", ""scores"": {""earnings_quality"": 38.517054285532666}}, {""name"": ""Aptos"", ""scores"": {""earnings_quality"": 43.49478334281707}}, {""name"": ""Avalanche"", ""scores"": {""earnings_quality"": 39.96282983690581}}, {""name"": ""BNB Chain"", ""scores"": {""earnings_quality"": 48.5009231754041}}], ""sector_averages"": {""earnings_quality"": 10.76, ""count"": 69}}",False,False,egld
NEAR Protocol,Blockchains (L1),45.60837441,34.00568182,49.32692308,90.96,54.97524483,Slow Growth,Fairly Valued,AA,"{""name"": ""NEAR Protocol"", ""sector"": ""Blockchains (L1)"", ""scores"": {""user_growth"": 34.00568181818182, ""growth_category"": ""Slow Growth""}, ""peers"": [{""name"": ""Algorand"", ""scores"": {""user_growth"": 57.27272727272727}}, {""name"": ""Aptos"", ""scores"": {""user_growth"": 74.57650162337663}}, {""name"": ""Avalanche"", ""scores"": {""user_growth"": 63.59943977591037}}, {""name"": ""BNB Chain"", ""scores"": {""user_growth"": 94.40882034632034}}], ""sector_averages"": {""user_growth"": 51.53, ""count"": 66}}","{""name"": ""NEAR Protocol"", ""sector"": ""Blockchains (L1)"", ""scores"": {""earnings_quality"": 45.6083744084649}, ""peers"": [{""name"": ""Algorand"", ""scores"": {""earnings_quality"": 38.517054285532666}}, {""name"": ""Aptos"", ""scores"": {""earnings_quality"": 43.49478334281707}}, {""name"": ""Avalanche"", ""scores"": {""earnings_quality"": 39.96282983690581}}, {""name"": ""BNB Chain"", ""scores"": {""earnings_quality"": 48.5009231754041}}], ""sector_averages"": {""earnings_quality"": 10.76, ""count"": 69}}",False,False,near
Polkadot,Blockchains (L1),29.47191562,43.33908279,36.82692308,84.11,48.43698037,Slow Growth,Overvalued,A,"{""name"": ""Polkadot"", ""sector"": ""Blockchains (L1)"", ""scores"": {""user_growth"": 43.33908279220779, ""growth_category"": ""Slow Growth""}, ""peers"": [{""name"": ""Algorand"", ""scores"": {""user_growth"": 57.27272727272727}}, {""name"": ""Aptos"", ""scores"": {""user_growth"": 74.57650162337663}}, {""name"": ""Avalanche"", ""scores"": {""user_growth"": 63.59943977591037}}, {""name"": ""BNB Chain"", ""scores"": {""user_growth"": 94.40882034632034}}], ""sector_averages"": {""user_growth"": 51.53, ""count"": 66}}","{""name"": ""Polkadot"", ""sector"": ""Blockchains (L1)"", ""scores"": {""earnings_quality"": 29.47191562406533}, ""peers"": [{""name"": ""Algorand"", ""scores"": {""earnings_quality"": 38.517054285532666}}, {""name"": ""Aptos"", ""scores"": {""earnings_quality"": 43.49478334281707}}, {""name"": ""Avalanche"", ""scores"": {""earnings_quality"": 39.96282983690581}}, {""name"": ""BNB Chain"", ""scores"": {""earnings_quality"": 48.5009231754041}}], ""sector_averages"": {""earnings_quality"": 10.76, ""count"": 69}}",False,False,dot
RedStone,Blockchains (L1),32.06323209,68.96590909,60.94951923,84.93,61.7271651,Strong Growth,Fairly Valued,A,"{""name"": ""RedStone"", ""sector"": ""Blockchains (L1)"", ""scores"": {""user_growth"": 68.9659090909091, ""growth_category"": ""Strong Growth""}, ""peers"": [{""name"": ""Algorand"", ""scores"": {""user_growth"": 57.27272727272727}}, {""name"": ""Aptos"", ""scores"": {""user_growth"": 74.57650162337663}}, {""name"": ""Avalanche"", ""scores"": {""user_growth"": 63.59943977591037}}, {""name"": ""BNB Chain"", ""scores"": {""user_growth"": 94.40882034632034}}], ""sector_averages"": {""user_growth"": 51.53, ""count"": 66}}","{""name"": ""RedStone"", ""sector"": ""Blockchains (L1)"", ""scores"": {""earnings_quality"": 32.063232086680955}, ""peers"": [{""name"": ""Algorand"", ""scores"": {""earnings_quality"": 38.517054285532666}}, {""name"": ""Aptos"", ""scores"": {""earnings_quality"": 43.49478334281707}}, {""name"": ""Avalanche"", ""scores"": {""earnings_quality"": 39.96282983690581}}, {""name"": ""BNB Chain"", ""scores"": {""earnings_quality"": 48.5009231754041}}], ""sector_averages"": {""earnings_quality"": 10.76, ""count"": 69}}",False,False,red
Ronin Network,Blockchains (L1),19.76231383,54.89071386,44.23076923,75.52,48.60094923,Steady Growth,Fairly Valued,BBB,"{""name"": ""Ronin Network"", ""sector"": ""Blockchains (L1)"", ""scores"": {""user_growth"": 54.890713861302096, ""growth_category"": ""Steady Growth""}, ""peers"": [{""name"": ""Algorand"", ""scores"": {""user_growth"": 57.27272727272727}}, {""name"": ""Aptos"", ""scores"": {""user_growth"": 74.57650162337663}}, {""name"": ""Avalanche"", ""scores"": {""user_growth"": 63.59943977591037}}, {""name"": ""BNB Chain"", ""scores"": {""user_growth"": 94.40882034632034}}], ""sector_averages"": {""user_growth"": 51.53, ""count"": 66}}","{""name"": ""Ronin Network"", ""sector"": ""Blockchains (L1)"", ""scores"": {""earnings_quality"": 19.76231383028733}, ""peers"": [{""name"": ""Algorand"", ""scores"": {""earnings_quality"": 38.517054285532666}}, {""name"": ""Aptos"", ""scores"": {""earnings_quality"": 43.49478334281707}}, {""name"": ""Avalanche"", ""scores"": {""earnings_quality"": 39.96282983690581}}, {""name"": ""BNB Chain"", ""scores"": {""earnings_quality"": 48.5009231754041}}], ""sector_averages"": {""earnings_quality"": 10.76, ""count"": 69}}",False,False,ron
Solana,Blockchains (L1),36.12038313,96.22273152,79.43181818,91.78,75.88873321,Exceptional Growth,Undervalued,AA,"{""name"": ""Solana"", ""sector"": ""Blockchains (L1)"", ""scores"": {""user_growth"": 96.22273151684917, ""growth_category"": ""Exceptional Growth""}, ""peers"": [{""name"": ""Algorand"", ""scores"": {""user_growth"": 57.27272727272727}}, {""name"": ""Aptos"", ""scores"": {""user_growth"": 74.57650162337663}}, {""name"": ""Avalanche"", ""scores"": {""user_growth"": 63.59943977591037}}, {""name"": ""BNB Chain"", ""scores"": {""user_growth"": 94.40882034632034}}], ""sector_averages"": {""user_growth"": 51.53, ""count"": 66}}","{""name"": ""Solana"", ""sector"": ""Blockchains (L1)"", ""scores"": {""earnings_quality"": 36.12038312840085}, ""peers"": [{""name"": ""Algorand"", ""scores"": {""earnings_quality"": 38.517054285532666}}, {""name"": ""Aptos"", ""scores"": {""earnings_quality"": 43.49478334281707}}, {""name"": ""Avalanche"", ""scores"": {""earnings_quality"": 39.96282983690581}}, {""name"": ""BNB Chain"", ""scores"": {""earnings_quality"": 48.5009231754041}}], ""sector_averages"": {""earnings_quality"": 10.76, ""count"": 69}}",False,False,sol
Sonic Labs (prev. Fantom),Blockchains (L1),21.67443534,32.89152024,36.875,89.26,45.1752389,Slow Growth,Overvalued,AA,"{""name"":""Sonic Labs (prev. Fantom)"",""sector"":""Blockchains (L1)"",""scores"":{""user_growth"":32.8915202444614,""growth_category"":""Slow Growth""},""peers"":[{""name"":""Algorand"",""scores"":{""user_growth"":57.27272727272727}},{""name"":""Celo"",""scores"":{""user_growth"":56.73683261183261}},{""name"":""Cosmos"",""scores"":{""user_growth"":55.0}},{""name"":""Ronin Network"",""scores"":{""user_growth"":54.890713861302096}}],""sector_averages"":{""user_growth"":51.53,""count"":66}}","{""name"":""Sonic Labs (prev. Fantom)"",""sector"":""Blockchains (L1)"",""scores"":{""earnings_quality"":21.67443534},""peers"":[{""name"":""Ronin Network"",""scores"":{""earnings_quality"":19.76231383}},{""name"":""Filecoin"",""scores"":{""earnings_quality"":22.23684806}},{""name"":""Cosmos"",""scores"":{""earnings_quality"":26.15789224}},{""name"":""Ethereum"",""scores"":{""earnings_quality"":26.40262319}}],""sector_averages"":{""earnings_quality"":10.76,""count"":69}}",False,False,sonic
TRON,Blockchains (L1),89.21328539,88.24044012,93.07692308,87.49,89.50516215,Exceptional Growth,Undervalued,AA,"{""name"": ""TRON"", ""sector"": ""Blockchains (L1)"", ""scores"": {""user_growth"": 88.24044011544011, ""growth_category"": ""Exceptional Growth""}, ""peers"": [{""name"": ""Algorand"", ""scores"": {""user_growth"": 57.27272727272727}}, {""name"": ""Aptos"", ""scores"": {""user_growth"": 74.57650162337663}}, {""name"": ""Avalanche"", ""scores"": {""user_growth"": 63.59943977591037}}, {""name"": ""BNB Chain"", ""scores"": {""user_growth"": 94.40882034632034}}], ""sector_averages"": {""user_growth"": 51.53, ""count"": 66}}","{""name"": ""TRON"", ""sector"": ""Blockchains (L1)"", ""scores"": {""earnings_quality"": 89.21328539488609}, ""peers"": [{""name"": ""Algorand"", ""scores"": {""earnings_quality"": 38.517054285532666}}, {""name"": ""Aptos"", ""scores"": {""earnings_quality"": 43.49478334281707}}, {""name"": ""Avalanche"", ""scores"": {""earnings_quality"": 39.96282983690581}}, {""name"": ""BNB Chain"", ""scores"": {""earnings_quality"": 48.5009231754041}}], ""sector_averages"": {""earnings_quality"": 10.76, ""count"": 69}}",False,False,trx
Arbitrum,Blockchains (L2),64.95491371,96.30346291,70.41071429,94.3,81.49227273,Exceptional Growth,Undervalued,AAA,"{""name"": ""Arbitrum"", ""sector"": ""Blockchains (L2)"", ""scores"": {""user_growth"": 96.30346290771791, ""growth_category"": ""Exceptional Growth""}, ""peers"": [{""name"": ""Gravity"", ""scores"": {""user_growth"": 81.36211567178466}}, {""name"": ""Immutable X"", ""scores"": {""user_growth"": 90.02038225560229}}, {""name"": ""StarkNet"", ""scores"": {""user_growth"": 74.82779415706244}}, {""name"": ""Uniswap"", ""scores"": {""user_growth"": 77.58420441347272}}], ""sector_averages"": {""user_growth"": 54.93, ""count"": 66}}","{""name"": ""Arbitrum"", ""sector"": ""Blockchains (L2)"", ""scores"": {""earnings_quality"": 64.9549137112815}, ""peers"": [{""name"": ""Gravity"", ""scores"": {""earnings_quality"": 33.303054003849226}}, {""name"": ""Immutable X"", ""scores"": {""earnings_quality"": 62.73696331707027}}, {""name"": ""zkSync"", ""scores"": {""earnings_quality"": 37.3280384228913}}, {""name"": ""Arbitrum One"", ""scores"": {""earnings_quality"": 64.9549137112815}}], ""sector_averages"": {""earnings_quality"": 5.67, ""count"": 84}}",False,False,arb
Gravity,Blockchains (L2),33.303054,81.36211567,71.04395604,85.13,67.70978143,Exceptional Growth,Undervalued,A,"{""name"": ""Gravity"", ""sector"": ""Blockchains (L2)"", ""scores"": {""user_growth"": 81.36211567178466, ""growth_category"": ""Exceptional Growth""}, ""peers"": [{""name"": ""Arbitrum"", ""scores"": {""user_growth"": 96.30346290771791}}, {""name"": ""Immutable X"", ""scores"": {""user_growth"": 90.02038225560229}}, {""name"": ""StarkNet"", ""scores"": {""user_growth"": 74.82779415706244}}, {""name"": ""Uniswap"", ""scores"": {""user_growth"": 77.58420441347272}}], ""sector_averages"": {""user_growth"": 54.93, ""count"": 66}}","{""name"": ""Gravity"", ""sector"": ""Blockchains (L2)"", ""scores"": {""earnings_quality"": 33.303054003849226}, ""peers"": [{""name"": ""Arbitrum"", ""scores"": {""earnings_quality"": 64.9549137112815}}, {""name"": ""Immutable X"", ""scores"": {""earnings_quality"": 62.73696331707027}}, {""name"": ""zkSync"", ""scores"": {""earnings_quality"": 37.3280384228913}}, {""name"": ""Arbitrum One"", ""scores"": {""earnings_quality"": 64.9549137112815}}], ""sector_averages"": {""earnings_quality"": 5.67, ""count"": 84}}",False,False,gzro
Immutable X,Blockchains (L2),62.73696332,90.02038226,92.61538462,90.06,83.85818255,Exceptional Growth,Undervalued,AA,"{""name"": ""Immutable X"", ""sector"": ""Blockchains (L2)"", ""scores"": {""user_growth"": 90.02038225560229, ""growth_category"": ""Exceptional Growth""}, ""peers"": [{""name"": ""Arbitrum"", ""scores"": {""user_growth"": 96.30346290771791}}, {""name"": ""Gravity"", ""scores"": {""user_growth"": 81.36211567178466}}, {""name"": ""StarkNet"", ""scores"": {""user_growth"": 74.82779415706244}}, {""name"": ""Uniswap"", ""scores"": {""user_growth"": 77.58420441347272}}], ""sector_averages"": {""user_growth"": 54.93, ""count"": 66}}","{""name"": ""Immutable X"", ""sector"": ""Blockchains (L2)"", ""scores"": {""earnings_quality"": 62.73696331707027}, ""peers"": [{""name"": ""Arbitrum"", ""scores"": {""earnings_quality"": 64.9549137112815}}, {""name"": ""Gravity"", ""scores"": {""earnings_quality"": 33.303054003849226}}, {""name"": ""zkSync"", ""scores"": {""earnings_quality"": 37.3280384228913}}, {""name"": ""Arbitrum One"", ""scores"": {""earnings_quality"": 64.9549137112815}}], ""sector_averages"": {""earnings_quality"": 5.67, ""count"": 84}}",False,False,imx
zkSync,Blockchains (L2),37.32803842,76.67636132,37.21840659,85.15,59.09320158,Strong Growth,Overvalued,A,"{""name"": ""zkSync"", ""sector"": ""Blockchains (L2)"", ""scores"": {""user_growth"": 76.67636131763253, ""growth_category"": ""Strong Growth""}, ""peers"": [{""name"": ""Arbitrum"", ""scores"": {""user_growth"": 96.30346290771791}}, {""name"": ""Gravity"", ""scores"": {""user_growth"": 81.36211567178466}}, {""name"": ""Immutable X"", ""scores"": {""user_growth"": 90.02038225560229}}, {""name"": ""StarkNet"", ""scores"": {""user_growth"": 74.82779415706244}}], ""sector_averages"": {""user_growth"": 54.93, ""count"": 66}}","{""name"": ""zkSync"", ""sector"": ""Blockchains (L2)"", ""scores"": {""earnings_quality"": 37.3280384228913}, ""peers"": [{""name"": ""Arbitrum"", ""scores"": {""earnings_quality"": 64.9549137112815}}, {""name"": ""Gravity"", ""scores"": {""earnings_quality"": 33.303054003849226}}, {""name"": ""Immutable X"", ""scores"": {""earnings_quality"": 62.73696331707027}}, {""name"": ""Arbitrum One"", ""scores"": {""earnings_quality"": 64.9549137112815}}], ""sector_averages"": {""earnings_quality"": 5.67, ""count"": 84}}",False,False,zk
GMX,Derivative exchanges,50.31912787,95.64567206,75.34722222,91.92,78.30800554,Exceptional Growth,Undervalued,AA,"{""name"": ""GMX"", ""sector"": ""Derivative exchanges"", ""scores"": {""user_growth"": 95.64567206192824, ""growth_category"": ""Exceptional Growth""}, ""peers"": [{""name"": ""Pendle"", ""scores"": {""user_growth"": 94.4047485765466}}, {""name"": ""Synthetix"", ""scores"": {""user_growth"": 80.07145256221611}}, {""name"": ""Drift Protocol"", ""scores"": {""user_growth"": 95.91836734693877}}, {""name"": ""Aevo"", ""scores"": {""user_growth"": 89.37847866419295}}], ""sector_averages"": {""user_growth"": 55.1, ""count"": 55}}","{""name"": ""GMX"", ""sector"": ""Derivative exchanges"", ""scores"": {""earnings_quality"": 50.319127872574335}, ""peers"": [{""name"": ""Pendle"", ""scores"": {""earnings_quality"": 44.20295270085844}}, {""name"": ""Synthetix"", ""scores"": {""earnings_quality"": 30.536112044822108}}, {""name"": ""Hegic"", ""scores"": {""earnings_quality"": 54.79070870679547}}, {""name"": ""SynFutures"", ""scores"": {""earnings_quality"": 44.47377406233293}}], ""sector_averages"": {""earnings_quality"": 8.13, ""count"": 63}}",False,True,gmx
Pendle,Derivative exchanges,44.2029527,94.40474858,51.42857143,89.37,69.85156818,Exceptional Growth,Fairly Valued,AA,"{""name"": ""Pendle"", ""sector"": ""Derivative exchanges"", ""scores"": {""user_growth"": 94.4047485765466, ""growth_category"": ""Exceptional Growth""}, ""peers"": [{""name"": ""GMX"", ""scores"": {""user_growth"": 95.64567206192824}}, {""name"": ""Synthetix"", ""scores"": {""user_growth"": 80.07145256221611}}, {""name"": ""Drift Protocol"", ""scores"": {""user_growth"": 95.91836734693877}}, {""name"": ""Aevo"", ""scores"": {""user_growth"": 89.37847866419295}}], ""sector_averages"": {""user_growth"": 55.1, ""count"": 55}}","{""name"": ""Pendle"", ""sector"": ""Derivative exchanges"", ""scores"": {""earnings_quality"": 44.20295270085844}, ""peers"": [{""name"": ""GMX"", ""scores"": {""earnings_quality"": 50.319127872574335}}, {""name"": ""Synthetix"", ""scores"": {""earnings_quality"": 30.536112044822108}}, {""name"": ""Hegic"", ""scores"": {""earnings_quality"": 54.79070870679547}}, {""name"": ""SynFutures"", ""scores"": {""earnings_quality"": 44.47377406233293}}], ""sector_averages"": {""earnings_quality"": 8.13, ""count"": 63}}",False,True,pendle
Synthetix,Derivative exchanges,30.53611204,80.07145256,49.49404762,83.71,51.42857143,Exceptional Growth,Fairly Valued,A,"{""name"": ""Synthetix"", ""sector"": ""Derivative exchanges"", ""scores"": {""user_growth"": 80.07145256221611, ""growth_category"": ""Exceptional Growth""}, ""peers"": [{""name"": ""GMX"", ""scores"": {""user_growth"": 95.64567206192824}}, {""name"": ""Pendle"", ""scores"": {""user_growth"": 94.4047485765466}}, {""name"": ""Drift Protocol"", ""scores"": {""user_growth"": 95.91836734693877}}, {""name"": ""Aevo"", ""scores"": {""user_growth"": 89.37847866419295}}], ""sector_averages"": {""user_growth"": 55.1, ""count"": 55}}","{""name"": ""Synthetix"", ""sector"": ""Derivative exchanges"", ""scores"": {""earnings_quality"": 30.536112044822108}, ""peers"": [{""name"": ""GMX"", ""scores"": {""earnings_quality"": 50.319127872574335}}, {""name"": ""Pendle"", ""scores"": {""earnings_quality"": 44.20295270085844}}, {""name"": ""Hegic"", ""scores"": {""earnings_quality"": 54.79070870679547}}, {""name"": ""SynFutures"", ""scores"": {""earnings_quality"": 44.47377406233293}}], ""sector_averages"": {""earnings_quality"": 8.13, ""count"": 63}}",False,False,snx
Aerodrome Finance,Exchanges (DEX),60.78862235,88.64047174,74.745671,79.36,75.88369127,Exceptional Growth,Undervalued,A,"{""name"": ""Aerodrome Finance"", ""sector"": ""Exchanges (DEX)"", ""scores"": {""user_growth"": 88.64047173627264, ""growth_category"": ""Exceptional Growth""}, ""peers"": [{""name"": ""0x"", ""scores"": {""user_growth"": 64.69035460275727}}, {""name"": ""1inch Network"", ""scores"": {""user_growth"": 87.7843015808811}}, {""name"": ""Curve DAO Token"", ""scores"": {""user_growth"": 80.46152922439074}}, {""name"": ""Ethena"", ""scores"": {""user_growth"": 80.8611946775879}}], ""sector_averages"": {""user_growth"": 52.77, ""count"": 91}}","{""name"": ""Aerodrome Finance"", ""sector"": ""Exchanges (DEX)"", ""scores"": {""earnings_quality"": 60.788622351381406}, ""peers"": [{""name"": ""Curve DAO Token"", ""scores"": {""earnings_quality"": 56.84522301549867}}, {""name"": ""Ethena"", ""scores"": {""earnings_quality"": 57.15610750876476}}, {""name"": ""PancakeSwap"", ""scores"": {""earnings_quality"": 20.610528563344047}}, {""name"": ""Sushiswap"", ""scores"": {""earnings_quality"": 47.83216668659891}}], ""sector_averages"": {""earnings_quality"": 8.69, ""count"": 136}}",False,False,aero
Curve DAO Token,Exchanges (DEX),56.84522302,80.46152922,50.34801136,89.29,69.2361909,Exceptional Growth,Fairly Valued,AA,"{""name"": ""Curve DAO Token"", ""sector"": ""Exchanges (DEX)"", ""scores"": {""user_growth"": 80.46152922439074, ""growth_category"": ""Exceptional Growth""}, ""peers"": [{""name"": ""0x"", ""scores"": {""user_growth"": 64.69035460275727}}, {""name"": ""1inch Network"", ""scores"": {""user_growth"": 87.7843015808811}}, {""name"": ""Aerodrome Finance"", ""scores"": {""user_growth"": 88.64047173627264}}, {""name"": ""Ethena"", ""scores"": {""user_growth"": 80.8611946775879}}], ""sector_averages"": {""user_growth"": 52.77, ""count"": 91}}","{""name"": ""Curve DAO Token"", ""sector"": ""Exchanges (DEX)"", ""scores"": {""earnings_quality"": 56.84522301549867}, ""peers"": [{""name"": ""Aerodrome Finance"", ""scores"": {""earnings_quality"": 60.788622351381406}}, {""name"": ""Ethena"", ""scores"": {""earnings_quality"": 57.15610750876476}}, {""name"": ""PancakeSwap"", ""scores"": {""earnings_quality"": 20.610528563344047}}, {""name"": ""Sushiswap"", ""scores"": {""earnings_quality"": 47.83216668659891}}], ""sector_averages"": {""earnings_quality"": 8.69, ""count"": 136}}",False,True,crv
Ethena,Exchanges (DEX),57.15610751,80.86119468,76.46969697,90.55,76.25924979,Exceptional Growth,Undervalued,AA,"{""name"": ""Ethena"", ""sector"": ""Exchanges (DEX)"", ""scores"": {""user_growth"": 80.8611946775879, ""growth_category"": ""Exceptional Growth""}, ""peers"": [{""name"": ""0x"", ""scores"": {""user_growth"": 64.69035460275727}}, {""name"": ""1inch Network"", ""scores"": {""user_growth"": 87.7843015808811}}, {""name"": ""Aerodrome Finance"", ""scores"": {""user_growth"": 88.64047173627264}}, {""name"": ""Curve DAO Token"", ""scores"": {""user_growth"": 80.46152922439074}}], ""sector_averages"": {""user_growth"": 52.77, ""count"": 91}}","{""name"": ""Ethena"", ""sector"": ""Exchanges (DEX)"", ""scores"": {""earnings_quality"": 57.15610750876476}, ""peers"": [{""name"": ""Aerodrome Finance"", ""scores"": {""earnings_quality"": 60.788622351381406}}, {""name"": ""Curve DAO Token"", ""scores"": {""earnings_quality"": 56.84522301549867}}, {""name"": ""PancakeSwap"", ""scores"": {""earnings_quality"": 20.610528563344047}}, {""name"": ""Sushiswap"", ""scores"": {""earnings_quality"": 47.83216668659891}}], ""sector_averages"": {""earnings_quality"": 8.69, ""count"": 136}}",False,False,ena
Mocaverse,Exchanges (DEX),27.03023138,40.23071721,29.1311553,85.15,45.38552597,Slow Growth,Overvalued,A,"{""name"": ""Mocaverse"", ""sector"": ""Unknown"", ""scores"": {""user_growth"": null, ""growth_category"": null}, ""peers"": [{""name"": ""BENQI Liquid Staked AVAX"", ""scores"": {""user_growth"": null}}, {""name"": ""CoW DAO"", ""scores"": {""user_growth"": null}}, {""name"": ""Entangle"", ""scores"": {""user_growth"": null}}, {""name"": ""OriginTrail"", ""scores"": {""user_growth"": null}}], ""sector_averages"": {""user_growth"": null, ""count"": 0}}","{""name"":""Mocaverse"",""sector"":""Exchanges (DEX)"",""scores"":{""earnings_quality"":27.03023138},""peers"":[{""name"":""PancakeSwap"",""scores"":{""earnings_quality"":20.61052856}},{""name"":""Sushiswap"",""scores"":{""earnings_quality"":47.83216669}},{""name"":""Curve DAO Token"",""scores"":{""earnings_quality"":56.84522302}},{""name"":""Ethena"",""scores"":{""earnings_quality"":57.15610751}}],""sector_averages"":{""earnings_quality"":8.69,""count"":136}}",False,False,moca
PancakeSwap,Exchanges (DEX),20.61052856,99.14772727,81.26623377,91.84,73.2161224,Exceptional Growth,Undervalued,AA,"{""name"": ""PancakeSwap"", ""sector"": ""Exchanges (DEX)"", ""scores"": {""user_growth"": 99.14772727272728, ""growth_category"": ""Exceptional Growth""}, ""peers"": [{""name"": ""0x"", ""scores"": {""user_growth"": 64.69035460275727}}, {""name"": ""1inch Network"", ""scores"": {""user_growth"": 87.7843015808811}}, {""name"": ""Aerodrome Finance"", ""scores"": {""user_growth"": 88.64047173627264}}, {""name"": ""Curve DAO Token"", ""scores"": {""user_growth"": 80.46152922439074}}], ""sector_averages"": {""user_growth"": 52.77, ""count"": 91}}","{""name"": ""PancakeSwap"", ""sector"": ""Exchanges (DEX)"", ""scores"": {""earnings_quality"": 20.610528563344047}, ""peers"": [{""name"": ""Aerodrome Finance"", ""scores"": {""earnings_quality"": 60.788622351381406}}, {""name"": ""Curve DAO Token"", ""scores"": {""earnings_quality"": 56.84522301549867}}, {""name"": ""Ethena"", ""scores"": {""earnings_quality"": 57.15610750876476}}, {""name"": ""Sushiswap"", ""scores"": {""earnings_quality"": 47.83216668659891}}], ""sector_averages"": {""earnings_quality"": 8.69, ""count"": 136}}",False,False,cake
Sushiswap,Exchanges (DEX),47.83216669,88.87737216,49.53125,85.11,67.83769721,Exceptional Growth,Fairly Valued,A,"{""name"": ""Sushiswap"", ""sector"": ""Exchanges (DEX)"", ""scores"": {""user_growth"": 88.87737216435771, ""growth_category"": ""Exceptional Growth""}, ""peers"": [{""name"": ""0x"", ""scores"": {""user_growth"": 64.69035460275727}}, {""name"": ""1inch Network"", ""scores"": {""user_growth"": 87.7843015808811}}, {""name"": ""Aerodrome Finance"", ""scores"": {""user_growth"": 88.64047173627264}}, {""name"": ""Curve DAO Token"", ""scores"": {""user_growth"": 80.46152922439074}}], ""sector_averages"": {""user_growth"": 52.77, ""count"": 91}}","{""name"": ""Sushiswap"", ""sector"": ""Exchanges (DEX)"", ""scores"": {""earnings_quality"": 47.83216668659891}, ""peers"": [{""name"": ""Aerodrome Finance"", ""scores"": {""earnings_quality"": 60.788622351381406}}, {""name"": ""Curve DAO Token"", ""scores"": {""earnings_quality"": 56.84522301549867}}, {""name"": ""Ethena"", ""scores"": {""earnings_quality"": 57.15610750876476}}, {""name"": ""PancakeSwap"", ""scores"": {""earnings_quality"": 20.610528563344047}}], ""sector_averages"": {""earnings_quality"": 8.69, ""count"": 136}}",False,False,sushi
Chainlink,Infrastructure,26.85214894,85.72299652,30.9375,92.06,58.89316136,Exceptional Growth,Overvalued,AA,"{""name"": ""Chainlink"", ""sector"": ""Infrastructure"", ""scores"": {""user_growth"": 85.72299651567945, ""growth_category"": ""Exceptional Growth""}, ""peers"": [{""name"": ""Livepeer"", ""scores"": {""user_growth"": 85.63829787234042}}, {""name"": ""Render Network"", ""scores"": {""user_growth"": 91.6969382459782}}, {""name"": ""Virtuals Protocol"", ""scores"": {""user_growth"": 91.48936170212764}}, {""name"": ""Kaito"", ""scores"": {""user_growth"": 85.92371562013491}}], ""sector_averages"": {""user_growth"": 53.9, ""count"": 52}}","{""name"": ""Chainlink"", ""sector"": ""Infrastructure"", ""scores"": {""earnings_quality"": 26.85214894352868}, ""peers"": [{""name"": ""Helium"", ""scores"": {""earnings_quality"": 53.575124466986615}}, {""name"": ""Layer3"", ""scores"": {""earnings_quality"": 46.27089996011394}}, {""name"": ""Tornado Cash"", ""scores"": {""earnings_quality"": 40.6421287830892}}, {""name"": ""Zerion"", ""scores"": {""earnings_quality"": 35.11925409569828}}], ""sector_averages"": {""earnings_quality"": 2.39, ""count"": 97}}",False,True,link
Aave,Lending,62.67057363,99.07407407,70.5859375,90.35,80.6701463,Exceptional Growth,Undervalued,AA,"{""name"": ""Aave"", ""sector"": ""Lending"", ""scores"": {""user_growth"": 99.07407407407408, ""growth_category"": ""Exceptional Growth""}, ""peers"": [{""name"": ""Compound"", ""scores"": {""user_growth"": 79.99756335282652}}, {""name"": ""Euler"", ""scores"": {""user_growth"": 61.46686159844056}}, {""name"": ""Maple Finance"", ""scores"": {""user_growth"": 63.62573099415204}}, {""name"": ""Morpho"", ""scores"": {""user_growth"": 81.08004385964914}}], ""sector_averages"": {""user_growth"": 53.35, ""count"": 46}}","{""name"": ""Aave"", ""sector"": ""Lending"", ""scores"": {""earnings_quality"": 62.67057362728197}, ""peers"": [{""name"": ""Compound"", ""scores"": {""earnings_quality"": 32.43084976560476}}, {""name"": ""Maple Finance"", ""scores"": {""earnings_quality"": 54.32192715059285}}, {""name"": ""Vechain"", ""scores"": {""earnings_quality"": 62.67057362728197}}, {""name"": ""Venus USDT"", ""scores"": {""earnings_quality"": 58.729369995647765}}], ""sector_averages"": {""earnings_quality"": 8.52, ""count"": 62}}",False,True,aave
Compound,Lending,32.43084977,79.99756335,42.6953125,91.56,61.6709314,Strong Growth,Fairly Valued,AA,"{""name"": ""Compound"", ""sector"": ""Lending"", ""scores"": {""user_growth"": 79.99756335282652, ""growth_category"": ""Strong Growth""}, ""peers"": [{""name"": ""Aave"", ""scores"": {""user_growth"": 99.07407407407408}}, {""name"": ""Euler"", ""scores"": {""user_growth"": 61.46686159844056}}, {""name"": ""Maple Finance"", ""scores"": {""user_growth"": 63.62573099415204}}, {""name"": ""Morpho"", ""scores"": {""user_growth"": 81.08004385964914}}], ""sector_averages"": {""user_growth"": 53.35, ""count"": 46}}","{""name"": ""Compound"", ""sector"": ""Lending"", ""scores"": {""earnings_quality"": 32.43084976560476}, ""peers"": [{""name"": ""Aave"", ""scores"": {""earnings_quality"": 62.67057362728197}}, {""name"": ""Maple Finance"", ""scores"": {""earnings_quality"": 54.32192715059285}}, {""name"": ""Vechain"", ""scores"": {""earnings_quality"": 62.67057362728197}}, {""name"": ""Venus USDT"", ""scores"": {""earnings_quality"": 58.729369995647765}}], ""sector_averages"": {""earnings_quality"": 8.52, ""count"": 62}}",False,False,comp
Maple Finance,Lending,54.32192715,63.62573099,56.83035714,92.39,66.79200382,Steady Growth,Fairly Valued,AA,"{""name"": ""Maple Finance"", ""sector"": ""Lending"", ""scores"": {""user_growth"": 63.62573099415204, ""growth_category"": ""Steady Growth""}, ""peers"": [{""name"": ""Aave"", ""scores"": {""user_growth"": 99.07407407407408}}, {""name"": ""Compound"", ""scores"": {""user_growth"": 79.99756335282652}}, {""name"": ""Euler"", ""scores"": {""user_growth"": 61.46686159844056}}, {""name"": ""Morpho"", ""scores"": {""user_growth"": 81.08004385964914}}], ""sector_averages"": {""user_growth"": 53.35, ""count"": 46}}","{""name"": ""Maple Finance"", ""sector"": ""Lending"", ""scores"": {""earnings_quality"": 54.32192715059285}, ""peers"": [{""name"": ""Aave"", ""scores"": {""earnings_quality"": 62.67057362728197}}, {""name"": ""Compound"", ""scores"": {""earnings_quality"": 32.43084976560476}}, {""name"": ""Vechain"", ""scores"": {""earnings_quality"": 62.67057362728197}}, {""name"": ""Venus USDT"", ""scores"": {""earnings_quality"": 58.729369995647765}}], ""sector_averages"": {""earnings_quality"": 8.52, ""count"": 62}}",False,True,mpl
Vechain,Lending,62.67057363,99.07407407,70.5859375,92.59,81.2301463,Exceptional Growth,Undervalued,AA,"{""name"": ""Vechain"", ""sector"": ""Lending"", ""scores"": {""user_growth"": 99.07407407407408, ""growth_category"": ""Exceptional Growth""}, ""peers"": [{""name"": ""Aave"", ""scores"": {""user_growth"": 99.07407407407408}}, {""name"": ""Compound"", ""scores"": {""user_growth"": 79.99756335282652}}, {""name"": ""Euler"", ""scores"": {""user_growth"": 61.46686159844056}}, {""name"": ""Maple Finance"", ""scores"": {""user_growth"": 63.62573099415204}}], ""sector_averages"": {""user_growth"": 53.35, ""count"": 46}}","{""name"":""Vechain"",""sector"":""Lending"",""scores"":{""earnings_quality"":62.67057363},""peers"":[{""name"":""Aave"",""scores"":{""earnings_quality"":62.67057363}},{""name"":""Venus USDT"",""scores"":{""earnings_quality"":58.729369995}},{""name"":""Maple Finance"",""scores"":{""earnings_quality"":54.32192715}},{""name"":""Compound"",""scores"":{""earnings_quality"":32.43084977}}],""sector_averages"":{""earnings_quality"":8.52,""count"":62}}",False,False,vet
Jito Labs,Liquid staking,40.57981265,92.94117647,52.91666667,82.52,67.23941395,Exceptional Growth,Fairly Valued,A,"{""name"": ""Jito Labs"", ""sector"": ""Liquid staking"", ""scores"": {""user_growth"": 92.94117647058825, ""growth_category"": ""Exceptional Growth""}, ""peers"": [{""name"": ""Lido DAO"", ""scores"": {""user_growth"": 79.24632352941175}}, {""name"": ""Stader ETHx"", ""scores"": {""user_growth"": 44.74264705882353}}, {""name"": ""Solayer"", ""scores"": {""user_growth"": 100.0}}, {""name"": ""EigenLayer"", ""scores"": {""user_growth"": 87.64705882352942}}], ""sector_averages"": {""user_growth"": 52.75, ""count"": 22}}","{""name"": ""Venus USDT"", ""sector"": ""Lending"", ""scores"": {""earnings_quality"": 58.729369995647765}, ""peers"": [{""name"": ""Aave"", ""scores"": {""earnings_quality"": 62.67057362728197}}, {""name"": ""Compound"", ""scores"": {""earnings_quality"": 32.43084976560476}}, {""name"": ""Maple Finance"", ""scores"": {""earnings_quality"": 54.32192715059285}}, {""name"": ""Vechain"", ""scores"": {""earnings_quality"": 62.67057362728197}}], ""sector_averages"": {""earnings_quality"": 8.52, ""count"": 62}}",False,False,jto
Lido DAO,Liquid staking,62.60100053,79.24632353,70.40625,92.06,76.07839352,Strong Growth,Undervalued,AA,"{""name"": ""Lido DAO"", ""sector"": ""Liquid staking"", ""scores"": {""user_growth"": 79.24632352941175, ""growth_category"": ""Strong Growth""}, ""peers"": [{""name"": ""Jito Labs"", ""scores"": {""user_growth"": 92.94117647058825}}, {""name"": ""Stader ETHx"", ""scores"": {""user_growth"": 44.74264705882353}}, {""name"": ""Solayer"", ""scores"": {""user_growth"": 100.0}}, {""name"": ""EigenLayer"", ""scores"": {""user_growth"": 87.64705882352942}}], ""sector_averages"": {""user_growth"": 52.75, ""count"": 22}}","{""name"": ""Jito Labs"", ""sector"": ""Liquid staking"", ""scores"": {""earnings_quality"": 40.57981264730388}, ""peers"": [{""name"": ""Lido DAO"", ""scores"": {""earnings_quality"": 62.60100053261692}}, {""name"": ""Stader ETHx"", ""scores"": {""earnings_quality"": 39.25070817974617}}, {""name"": ""StakeWise"", ""scores"": {""earnings_quality"": 31.52352037258972}}, {""name"": ""Allstake"", ""scores"": {""earnings_quality"": 0.0}}], ""sector_averages"": {""earnings_quality"": 4.83, ""count"": 36}}",False,True,ldo
Stader ETHx,Liquid staking,39.25070818,44.74264706,11.25,64.22,39.86583881,Slow Growth,Overvalued,BB,"{""name"": ""Stader ETHx"", ""sector"": ""Liquid staking"", ""scores"": {""user_growth"": 44.74264705882353, ""growth_category"": ""Slow Growth""}, ""peers"": [{""name"": ""Jito Labs"", ""scores"": {""user_growth"": 92.94117647058825}}, {""name"": ""Lido DAO"", ""scores"": {""user_growth"": 79.24632352941175}}, {""name"": ""Solayer"", ""scores"": {""user_growth"": 100.0}}, {""name"": ""EigenLayer"", ""scores"": {""user_growth"": 87.64705882352942}}], ""sector_averages"": {""user_growth"": 52.75, ""count"": 22}}","{""name"": ""Lido DAO"", ""sector"": ""Liquid staking"", ""scores"": {""earnings_quality"": 62.60100053261692}, ""peers"": [{""name"": ""Jito Labs"", ""scores"": {""earnings_quality"": 40.57981264730388}}, {""name"": ""Stader ETHx"", ""scores"": {""earnings_quality"": 39.25070817974617}}, {""name"": ""StakeWise"", ""scores"": {""earnings_quality"": 31.52352037258972}}, {""name"": ""Allstake"", ""scores"": {""earnings_quality"": 0.0}}], ""sector_averages"": {""earnings_quality"": 4.83, ""count"": 36}}",False,False,ethx
Entangle,Stablecoin issuers,28.18419007,49.52380952,41.80803571,73.67,48.29650883,Steady Growth,Fairly Valued,BBB,"{""name"": ""Entangle"", ""sector"": ""Unknown"", ""scores"": {""user_growth"": null, ""growth_category"": null}, ""peers"": [{""name"": ""BENQI Liquid Staked AVAX"", ""scores"": {""user_growth"": null}}, {""name"": ""CoW DAO"", ""scores"": {""user_growth"": null}}, {""name"": ""Mocaverse"", ""scores"": {""user_growth"": null}}, {""name"": ""OriginTrail"", ""scores"": {""user_growth"": null}}], ""sector_averages"": {""user_growth"": null, ""count"": 0}}","{""name"": ""Stader ETHx"", ""sector"": ""Liquid staking"", ""scores"": {""earnings_quality"": 39.25070817974617}, ""peers"": [{""name"": ""Jito Labs"", ""scores"": {""earnings_quality"": 40.57981264730388}}, {""name"": ""Lido DAO"", ""scores"": {""earnings_quality"": 62.60100053261692}}, {""name"": ""StakeWise"", ""scores"": {""earnings_quality"": 31.52352037258972}}, {""name"": ""Allstake"", ""scores"": {""earnings_quality"": 0.0}}], ""sector_averages"": {""earnings_quality"": 4.83, ""count"": 36}}",False,False,ngl
Ethena,Stablecoin issuers,58.228517,85.625,65.07440476,90.55,74.86948044,Exceptional Growth,Fairly Valued,AA,"{""name"": ""Ethena"", ""sector"": ""Exchanges (DEX)"", ""scores"": {""user_growth"": 80.8611946775879, ""growth_category"": ""Exceptional Growth""}, ""peers"": [{""name"": ""0x"", ""scores"": {""user_growth"": 64.69035460275727}}, {""name"": ""1inch Network"", ""scores"": {""user_growth"": 87.7843015808811}}, {""name"": ""Aerodrome Finance"", ""scores"": {""user_growth"": 88.64047173627264}}, {""name"": ""Curve DAO Token"", ""scores"": {""user_growth"": 80.46152922439074}}], ""sector_averages"": {""user_growth"": 52.77, ""count"": 91}}","{""name"":""Ethena"",""sector"":""Stablecoin issuers"",""scores"":{""earnings_quality"":58.228517},""peers"":[{""name"":""Jito Labs"",""scores"":{""earnings_quality"":40.57981265}},{""name"":""Stader ETHx"",""scores"":{""earnings_quality"":39.25070818}},{""name"":""Lido DAO"",""scores"":{""earnings_quality"":62.60100053}},{""name"":""StakeWise"",""scores"":{""earnings_quality"":31.52352037}}],""sector_averages"":{""earnings_quality"":5.0,""count"":10}}",False,False,ena
OriginTrail,Stablecoin issuers,41.77057313,71.47321429,54.12202381,70.57,59.48395281,Strong Growth,Fairly Valued,BB,"{""name"": ""OriginTrail"", ""sector"": ""Unknown"", ""scores"": {""user_growth"": null, ""growth_category"": null}, ""peers"": [{""name"": ""BENQI Liquid Staked AVAX"", ""scores"": {""user_growth"": null}}, {""name"": ""CoW DAO"", ""scores"": {""user_growth"": null}}, {""name"": ""Entangle"", ""scores"": {""user_growth"": null}}, {""name"": ""Mocaverse"", ""scores"": {""user_growth"": null}}], ""sector_averages"": {""user_growth"": null, ""count"": 0}}","{""name"": ""Ethena"", ""sector"": ""Exchanges (DEX)"", ""scores"": {""earnings_quality"": 57.15610750876476}, ""peers"": [{""name"": ""Aerodrome Finance"", ""scores"": {""earnings_quality"": 60.788622351381406}}, {""name"": ""Curve DAO Token"", ""scores"": {""earnings_quality"": 56.84522301549867}}, {""name"": ""PancakeSwap"", ""scores"": {""earnings_quality"": 20.610528563344047}}, {""name"": ""Sushiswap"", ""scores"": {""earnings_quality"": 47.83216668659891}}], ""sector_averages"": {""earnings_quality"": 8.69, ""count"": 136}}",False,False,trac
Sky (formerly MakerDAO),Stablecoin issuers,77.66717859,63.81696429,45.0,91.99,69.61853572,Steady Growth,Fairly Valued,AA,"{""name"":""Sky (formerly MakerDAO)"",""sector"":""Lending"",""scores"":{""user_growth"":63.81696428571428,""growth_category"":""Steady Growth""},""peers"":[{""name"":""Maple Finance"",""scores"":{""user_growth"":63.62573099415204}},{""name"":""Euler"",""scores"":{""user_growth"":61.46686159844056}},{""name"":""Compound"",""scores"":{""user_growth"":79.99756335282652}},{""name"":""Venus USDT"",""scores"":{""user_growth"":86.17202729044836}}],""sector_averages"":{""user_growth"":53.35,""count"":46}}","{""name"":""Sky (formerly MakerDAO)"",""sector"":""Lending"",""scores"":{""earnings_quality"":77.66717859},""peers"":[{""name"":""Aave"",""scores"":{""earnings_quality"":62.67057363}},{""name"":""Vechain"",""scores"":{""earnings_quality"":62.67057363}},{""name"":""Venus USDT"",""scores"":{""earnings_quality"":58.729369995}},{""name"":""Maple Finance"",""scores"":{""earnings_quality"":54.32192715}}],""sector_averages"":{""earnings_quality"":8.52,""count"":62}}",False,False,mkr
